[{\"label\":\"Learn how to use inputEx\",\"checked\":true,\"children\":[{\"label\":\"Check the TaskManager example\",\"checked\":true,\"children\":[],\"_taskDetails\":{\"description\":\"Check the TaskManager example\",\"duedate\":\"\",\"tags\":\"\",\"comments\":\"\"}},{\"label\":\"Download inputEx\",\"checked\":false,\"children\":[],\"_taskDetails\":{\"description\":\"Download inputEx\",\"duedate\":\"\",\"tags\":\"\",\"comments\":\"\"}},{\"label\":\"Read the Documentation\",\"checked\":false,\"children\":[],\"_taskDetails\":{\"description\":\"Read the Documentation\",\"duedate\":\"\",\"tags\":\"\",\"comments\":\"\"}}],\"_taskDetails\":{\"description\":\"Learn how to use inputEx\",\"duedate\":\"\",\"tags\":\"\",\"comments\":\"\"}},{\"label\":\"Personal\",\"checked\":true,\"children\":[{\"label\":\"Gift for Lucie\'s birthday\",\"checked\":false,\"children\":[],\"_taskDetails\":{\"description\":\"Gift for Lucie\'s birthday\",\"duedate\":\"\",\"tags\":\"\",\"comments\":\"\"}},{\"label\":\"Blog\",\"checked\":true,\"children\":[{\"label\":\"Articles\",\"checked\":true,\"children\":[{\"label\":\"inputEx 0.1.0 release\",\"checked\":true,\"children\":[],\"_taskDetails\":{\"description\":\"inputEx 0.1.0 release\",\"duedate\":\"\",\"tags\":\"\",\"comments\":\"\"}},{\"label\":\"dFly annoucement\",\"checked\":false,\"children\":[],\"_taskDetails\":{\"description\":\"dFly annoucement\",\"duedate\":\"\",\"tags\":\"\",\"comments\":\"\"}}],\"_taskDetails\":{\"description\":\"Articles\",\"duedate\":\"\",\"tags\":\"\",\"comments\":\"\"}}],\"_taskDetails\":{\"description\":\"Blog\",\"duedate\":\"\",\"tags\":\"\",\"comments\":\"\"}},{\"label\":\"Test\",\"checked\":false,\"children\":[],\"_taskDetails\":{\"description\":\"Test\",\"duedate\":\"\",\"tags\":\"\",\"comments\":\"Machin truc\"}}],\"_taskDetails\":{\"description\":\"Personal\",\"duedate\":\"\",\"tags\":\"\",\"comments\":\"\"}}]